time_spent_exploring,episodes,mean_100rew,success_rate,mean_td_errors,current_lr,total_timesteps
99,100,0.1,0.12121212121212122,0.062289864,0.0005,1643
99,200,0.1,0.12,0.005770568,0.0005,3345
98,300,0.1,0.15,-0.067857735,0.0005,5091
98,400,0.2,0.16,0.014582682,0.0005,6787
97,500,0.2,0.17,0.06776974,0.0005,8591
97,600,0.2,0.19,-0.96984917,0.0005,10331
97,700,0.1,0.12,0.018982556,0.0005,12036
96,800,0.2,0.22,-0.3428011,0.0005,13815
96,900,0.2,0.17,-0.046670415,0.0005,15496
95,1000,0.1,0.14,0.5144723,0.0005,17193
95,1100,0.2,0.21,0.14569889,0.0005,18981
94,1200,0.1,0.15,0.5755368,0.0005,20757
94,1300,0.2,0.16,-3.320879,0.0005,22495
94,1400,0.2,0.18,0.67341065,0.0005,24187
93,1500,0.1,0.14,0.35447222,0.0005,25895
93,1600,0.2,0.24,0.62737346,0.0005,27631
92,1700,0.1,0.14,0.0988621,0.0005,29406
92,1800,0.2,0.22,-4.959553,0.0005,31159
91,1900,0.1,0.12,0.088441744,0.0005,32916
91,2000,0.1,0.14,-2.4014113,0.0005,34629
91,2100,0.1,0.12,-3.892158,0.0005,36373
90,2200,0.2,0.17,-0.17378269,0.0005,38215
90,2300,0.2,0.16,-0.14642298,0.0005,39952
89,2400,0.2,0.18,0.18847308,0.0005,41696
89,2500,0.2,0.17,0.51608086,0.0005,43425
88,2600,0.2,0.18,-0.15516154,0.0005,45164
88,2700,0.1,0.13,-0.2583873,0.0005,46900
88,2800,0.2,0.18,0.07896918,0.0005,48688
87,2900,0.2,0.17,0.28775635,0.0005,50338
87,3000,0.1,0.13,-0.33581066,0.0005,51955
86,3100,0.2,0.21,0.28843793,0.0005,53686
86,3200,0.1,0.15,-0.45750695,0.0005,55373
86,3300,0.1,0.12,0.6870854,0.0005,57053
85,3400,0.1,0.12,0.017209716,0.0005,58909
85,3500,0.2,0.21,-0.2107881,0.0005,60774
84,3600,0.2,0.22,-0.0757168,0.0005,62533
84,3700,0.2,0.17,-0.06521124,0.0005,64296
83,3800,0.1,0.14,0.19212462,0.0005,65978
83,3900,0.2,0.2,-0.07765468,0.0005,67684
82,4000,0.2,0.25,-0.06189864,0.0005,69520
82,4100,0.1,0.14,-0.10818271,0.0005,71246
82,4200,0.2,0.18,-0.11228454,0.0005,73026
81,4300,0.2,0.16,0.0065183733,0.0005,74787
81,4400,0.2,0.16,0.02717213,0.0005,76476
80,4500,0.2,0.25,0.018235601,0.0005,78246
80,4600,0.2,0.18,-0.02405518,0.0005,79876
80,4700,0.3,0.28,-0.05419113,0.0005,81593
79,4800,0.2,0.21,0.019574441,0.0005,83283
79,4900,0.3,0.34,0.031006895,0.0005,85115
78,5000,0.3,0.35,-0.028860979,0.0005,86938
78,5100,0.3,0.31,-0.0047867326,0.0005,88759
77,5200,0.3,0.28,0.06394753,0.0005,90601
77,5300,0.3,0.32,-0.042468272,0.0005,92484
76,5400,0.4,0.36,0.025362771,0.0005,94317
76,5500,0.3,0.32,-0.08244659,0.0005,96183
75,5600,0.4,0.36,-0.06576991,0.0005,98132
75,5700,0.4,0.4,0.05568319,0.0005,100089
75,5800,0.3,0.34,0.0030952916,0.0005,101957
74,5900,0.3,0.31,-0.013870007,0.0005,103854
74,6000,0.4,0.39,0.031563204,0.0005,105800
73,6100,0.4,0.36,-0.0013212133,0.0005,107700
73,6200,0.4,0.39,-0.035908155,0.0005,109597
72,6300,0.3,0.32,0.053836882,0.0005,111499
72,6400,0.4,0.36,-0.07662444,0.0005,113327
71,6500,0.4,0.36,-0.016973883,0.0005,115194
71,6600,0.3,0.31,-0.008903478,0.0005,117104
70,6700,0.5,0.46,-0.08044125,0.0005,119003
70,6800,0.3,0.32,0.11347602,0.0005,120923
69,6900,0.5,0.46,0.026281584,0.0005,122857
69,7000,0.4,0.41,-0.025421983,0.0005,124823
68,7100,0.4,0.39,-0.014782194,0.0005,126763
68,7200,0.3,0.29,0.074252784,0.0005,128645
68,7300,0.4,0.43,0.05810886,0.0005,130594
67,7400,0.3,0.32,-0.057700004,0.0005,132514
67,7500,0.4,0.41,0.07420275,0.0005,134444
66,7600,0.4,0.43,-0.051918413,0.0005,136381
66,7700,0.4,0.43,0.016228199,0.0005,138284
65,7800,0.4,0.43,-0.06256441,0.0005,140311
65,7900,0.5,0.47,0.08856238,0.0005,142273
64,8000,0.5,0.47,0.033480007,0.0005,144286
64,8100,0.4,0.37,0.09013229,0.0005,146138
63,8200,0.5,0.45,0.06107883,0.0005,148062
63,8300,0.4,0.41,-0.044235677,0.0005,149989
62,8400,0.5,0.46,0.038492218,0.0005,151882
62,8500,0.5,0.46,-0.0014153179,0.0005,153840
61,8600,0.4,0.43,0.052147694,0.0005,155755
61,8700,0.4,0.41,-0.017192677,0.0005,157677
60,8800,0.3,0.33,-0.01680586,0.0005,159560
60,8900,0.3,0.35,0.09441291,0.0005,161479
59,9000,0.4,0.42,0.042357594,0.0005,163493
59,9100,0.4,0.41,-0.024167247,0.0005,165396
59,9200,0.5,0.52,2.085045e-05,0.0005,167345
58,9300,0.5,0.47,0.08976282,0.0005,169358
58,9400,0.4,0.4,0.10405852,0.0005,171236
57,9500,0.5,0.45,0.030545691,0.0005,173228
57,9600,0.4,0.39,-0.060438063,0.0005,175133
56,9700,0.4,0.41,0.048569627,0.0005,177155
56,9800,0.5,0.49,0.0839476,0.0005,179096
55,9900,0.5,0.5,0.015117941,0.0005,181048
55,10000,0.5,0.52,0.015473306,0.0005,183059
54,10100,0.6,0.6,0.043450773,0.0005,185123
54,10200,0.5,0.52,0.031862706,0.0005,187113
53,10300,0.5,0.45,0.0035127215,0.0005,189081
53,10400,0.5,0.46,0.088175885,0.0005,191049
52,10500,0.6,0.56,0.06877058,0.0005,193079
52,10600,0.6,0.57,0.0388111,0.0005,195089
51,10700,0.5,0.48,0.11814521,0.0005,196989
51,10800,0.6,0.59,0.055687148,0.0005,198958
50,10900,0.6,0.57,-0.04545828,0.0005,200900
50,11000,0.6,0.58,0.033128135,0.0005,202894
49,11100,0.4,0.44,0.05996285,0.0005,204798
49,11200,0.5,0.52,0.007808335,0.0005,206756
48,11300,0.6,0.55,0.041380093,0.0005,208758
48,11400,0.5,0.51,-0.018217636,0.0005,210746
47,11500,0.5,0.51,-0.029554978,0.0005,212746
47,11600,0.5,0.48,0.067203775,0.0005,214702
46,11700,0.6,0.57,0.0082164295,0.0005,216708
46,11800,0.6,0.58,-0.016248606,0.0005,218696
45,11900,0.5,0.54,0.014081408,0.0005,220647
45,12000,0.5,0.51,0.03933377,0.0005,222615
44,12100,0.7,0.71,-0.03558956,0.0005,224646
44,12200,0.6,0.55,0.062996246,0.0005,226651
43,12300,0.5,0.48,0.026986606,0.0005,228617
43,12400,0.6,0.55,-0.05393771,0.0005,230578
43,12500,0.5,0.53,-0.005107362,0.0005,232575
42,12600,0.6,0.58,0.05731452,0.0005,234557
42,12700,0.5,0.54,0.19163865,0.0005,236506
41,12800,0.5,0.47,-0.032849714,0.0005,238488
41,12900,0.6,0.55,0.09431323,0.0005,240437
40,13000,0.5,0.47,0.102326885,0.0005,242348
40,13100,0.5,0.52,-0.010822073,0.0005,244329
39,13200,0.5,0.45,0.15687245,0.0005,246266
39,13300,0.5,0.51,-0.14837807,0.0005,248228
38,13400,0.5,0.48,-0.0039040074,0.0005,250200
38,13500,0.4,0.41,-0.045181174,0.0005,252132
37,13600,0.4,0.43,0.10377517,0.0005,253982
37,13700,0.5,0.46,0.0064099263,0.0005,255890
36,13800,0.5,0.46,0.05720871,0.0005,257794
36,13900,0.6,0.57,-0.021491043,0.0005,259793
35,14000,0.5,0.49,0.0065180585,0.0005,261734
35,14100,0.6,0.57,0.011202248,0.0005,263736
34,14200,0.5,0.51,-0.049552724,0.0005,265677
34,14300,0.5,0.48,0.020178884,0.0005,267677
33,14400,0.4,0.42,0.08781271,0.0005,269632
33,14500,0.5,0.51,0.056771837,0.0005,271604
32,14600,0.5,0.46,0.14841126,0.0005,273562
32,14700,0.4,0.44,0.07130395,0.0005,275502
32,14800,0.6,0.59,-0.017128203,0.0005,277512
31,14900,0.5,0.53,0.0051448066,0.0005,279467
31,15000,0.6,0.56,-0.012053645,0.0005,281460
30,15100,0.6,0.6,0.0045721903,0.0005,283485
30,15200,0.6,0.58,0.0019136062,0.0005,285501
29,15300,0.6,0.61,0.038710576,0.0005,287579
29,15400,0.7,0.65,0.021234814,0.0005,289663
28,15500,0.6,0.64,-0.0768351,0.0005,291723
28,15600,0.6,0.57,-0.041395687,0.0005,293791
27,15700,0.6,0.61,0.124696776,0.0005,295887
26,15800,0.6,0.63,0.01962979,0.0005,298007
26,15900,0.6,0.59,0.019369453,0.0005,300052
25,16000,0.7,0.73,0.0010322509,0.0005,302135
25,16100,0.7,0.68,0.004850639,0.0005,304215
24,16200,0.6,0.58,0.00044785254,0.0005,306261
24,16300,0.7,0.69,-0.010326566,0.0005,308367
23,16400,0.6,0.61,0.026142301,0.0005,310364
23,16500,0.7,0.67,-0.0395329,0.0005,312445
22,16600,0.7,0.66,-0.06467886,0.0005,314534
22,16700,0.7,0.69,0.026781496,0.0005,316603
21,16800,0.7,0.66,0.0374942,0.0005,318705
21,16900,0.6,0.6,0.049626898,0.0005,320807
20,17000,0.6,0.63,0.047410622,0.0005,322829
20,17100,0.7,0.68,-0.02706892,0.0005,324917
19,17200,0.7,0.7,0.0154160075,0.0005,327023
19,17300,0.7,0.65,-0.018179173,0.0005,329118
18,17400,0.6,0.58,-0.009492401,0.0005,331169
18,17500,0.7,0.71,-0.0020983815,0.0005,333308
17,17600,0.7,0.7,0.012527717,0.0005,335414
17,17700,0.7,0.68,-0.003839814,0.0005,337505
16,17800,0.5,0.52,0.0035315799,0.0005,339614
16,17900,0.7,0.72,-0.0047309734,0.0005,341779
15,18000,0.6,0.61,0.067044295,0.0005,343886
15,18100,0.7,0.72,0.049815472,0.0005,346011
14,18200,0.8,0.76,0.03061635,0.0005,348137
14,18300,0.7,0.68,-0.02193371,0.0005,350259
13,18400,0.6,0.61,-0.059558697,0.0005,352346
13,18500,0.7,0.69,-0.018623171,0.0005,354453
12,18600,0.7,0.73,0.010574182,0.0005,356542
12,18700,0.8,0.75,0.0672656,0.0005,358640
11,18800,0.7,0.71,-0.041312076,0.0005,360712
11,18900,0.6,0.62,0.051659044,0.0005,362788
10,19000,0.7,0.72,0.016112862,0.0005,364896
9,19100,0.8,0.76,-0.048576925,0.0005,367507
9,19200,0.7,0.65,0.055101592,0.0005,370205
8,19300,0.7,0.73,0.04693823,0.0005,372836
8,19400,0.8,0.75,0.06727679,0.0005,375469
7,19500,0.7,0.7,0.10742142,0.0005,378150
6,19600,0.8,0.76,0.0493913,0.0005,380863
6,19700,0.8,0.82,0.06781358,0.0005,383609
5,19800,0.8,0.75,-0.007726928,0.0005,386332
4,19900,0.6,0.61,0.092689514,0.0005,388950
4,20000,0.7,0.73,-0.021517903,0.0005,391628
3,20100,0.8,0.77,-0.00175389,0.0005,394788
2,20200,0.8,0.75,-0.017418463,0.0005,398010
2,20300,0.6,0.59,-0.09794948,0.0005,401166
2,20400,0.7,0.66,0.006840488,0.0005,404353
2,20500,0.7,0.69,0.0047552176,0.0005,407558
2,20600,0.7,0.69,0.018501177,0.0005,410749
2,20700,0.6,0.63,-0.008515188,0.0005,413923
2,20800,0.6,0.62,-0.006781852,0.0005,417051
2,20900,0.7,0.69,0.026014527,0.0005,420184
2,21000,0.7,0.66,-0.22272895,0.0005,423364
2,21100,0.8,0.77,-0.039370857,0.0005,426593
2,21200,0.8,0.77,0.0053930394,0.0005,429808
2,21300,0.7,0.71,0.017338565,0.0005,433051
2,21400,0.7,0.67,-0.016082413,0.0005,436270
2,21500,0.7,0.71,-0.018645559,0.0005,439520
2,21600,0.7,0.7,0.0086645335,0.0005,442692
2,21700,0.7,0.68,0.04129552,0.0005,445898
2,21800,0.5,0.47,0.012283256,0.0005,449640
2,21900,0.8,0.83,0.019732602,0.0005,453461
2,22000,0.8,0.79,-0.029528085,0.0005,457241
2,22100,0.8,0.77,-0.015849518,0.0005,461066
2,22200,0.8,0.83,0.022950731,0.0005,464888
2,22300,0.8,0.78,-0.014321005,0.0005,468705
2,22400,0.6,0.61,-0.007073232,0.0005,472461
2,22500,0.7,0.67,0.0031813905,0.0005,476246
2,22600,0.6,0.55,-0.017904026,0.0005,480016
2,22700,0.6,0.55,-0.0091674,0.0005,483762
2,22800,0.4,0.4,0.016992843,0.0005,487559
2,22900,0.3,0.35,0.025305286,0.0005,491352
2,23000,0.4,0.41,0.033603482,0.0005,495147
2,23100,0.4,0.43,-0.0050505847,0.0005,498920
2,23200,0.6,0.6,-0.0467272,0.0005,502657
2,23300,0.6,0.58,0.020729598,0.0005,506399
2,23400,0.6,0.61,0.011258582,0.0005,510125
2,23500,0.8,0.76,-0.0026113652,0.0005,513937
2,23600,0.6,0.59,-0.018434033,0.0005,517715
2,23700,0.6,0.62,-0.0053623095,0.0005,521533
2,23800,0.7,0.7,0.000704322,0.0005,525380
2,23900,0.7,0.67,-0.0021849675,0.0005,529177
2,24000,0.7,0.68,-0.037913483,0.0005,532920
2,24100,0.6,0.61,0.0372611,0.0005,536713
2,24200,0.5,0.48,-0.008722334,0.0005,540406
2,24300,0.5,0.52,-0.00677514,0.0005,544186
2,24400,0.6,0.58,0.023696411,0.0005,547900
2,24500,0.4,0.38,-0.026098143,0.0005,551675
2,24600,0.6,0.64,0.022817608,0.0005,555363
2,24700,0.6,0.59,0.016519498,0.0005,559154
2,24800,0.6,0.55,-0.002576137,0.0005,563018
2,24900,0.5,0.53,-0.014119767,0.0005,566834
2,25000,0.7,0.68,0.048993323,0.0005,570654
2,25100,0.7,0.68,0.04974448,0.0005,574390
2,25200,0.6,0.56,0.035212465,0.0005,578082
2,25300,0.6,0.63,-0.00026140455,0.0005,581845
2,25400,0.8,0.82,0.060022756,0.0005,585670
2,25500,0.7,0.69,0.0430891,0.0005,589496
2,25600,0.6,0.62,-0.018585306,0.0005,593277
2,25700,0.6,0.56,-0.020875243,0.0005,596981
2,25800,0.7,0.69,0.0482042,0.0005,600723
2,25900,0.6,0.57,-0.00639314,0.0005,604504
2,26000,0.7,0.66,-0.009209598,0.0005,608260
2,26100,0.7,0.65,-0.0026532821,0.0005,612054
2,26200,0.7,0.68,0.030693106,0.0005,615830
2,26300,0.6,0.62,-0.0058628106,0.0005,619617
2,26400,0.6,0.64,-0.029464226,0.0005,623477
2,26500,0.5,0.52,0.0006663464,0.0005,627249
2,26600,0.4,0.41,0.012150231,0.0005,631010
2,26700,0.6,0.56,0.016768206,0.0005,634747
2,26800,0.6,0.62,0.0035332944,0.0005,638519
2,26900,0.6,0.64,0.02603772,0.0005,642295
2,27000,0.7,0.68,0.019277845,0.0005,646093
2,27100,0.7,0.65,-0.007645323,0.0005,649947
2,27200,0.5,0.48,-0.033944745,0.0005,653730
2,27300,0.7,0.65,-0.01927009,0.0005,657499
2,27400,0.8,0.75,-0.05534079,0.0005,661304
2,27500,0.7,0.66,-0.03787799,0.0005,665105
2,27600,0.7,0.7,-0.04081492,0.0005,668931
2,27700,0.6,0.61,-0.025891209,0.0005,672749
2,27800,0.6,0.59,0.00033982843,0.0005,676527
2,27900,0.6,0.56,0.08268209,0.0005,680304
2,28000,0.5,0.54,-0.0038858457,0.0005,684081
2,28100,0.6,0.55,0.015191464,0.0005,687806
2,28200,0.5,0.54,0.023264699,0.0005,691579
2,28300,0.5,0.47,0.005004201,0.0005,695267
2,28400,0.4,0.42,0.036602385,0.0005,699069
2,28500,0.5,0.46,0.019538846,0.0005,702833
2,28600,0.5,0.5,-0.03809348,0.0005,706553
2,28700,0.6,0.62,-0.016405659,0.0005,710374
2,28800,0.6,0.59,-0.032419782,0.0005,714156
2,28900,0.7,0.68,0.011502667,0.0005,717967
2,29000,0.7,0.65,-0.018729042,0.0005,721727
2,29100,0.6,0.64,0.013665142,0.0005,725482
2,29200,0.7,0.69,-0.013711739,0.0005,729302
2,29300,0.6,0.63,-0.025320359,0.0005,733055
2,29400,0.6,0.63,-0.000778147,0.0005,736870
2,29500,0.7,0.71,0.05283849,0.0005,740691
2,29600,0.7,0.73,0.01699306,0.0005,744534
2,29700,0.7,0.71,0.050171748,0.0005,748363
2,29800,0.7,0.7,0.015497943,0.0005,752183
2,29900,0.7,0.71,-0.025413554,0.0005,756005
2,30000,0.6,0.58,-0.0382315,0.0005,759786
2,30100,0.6,0.62,0.060122184,0.0005,763558
2,30200,0.7,0.7,0.05006274,0.0005,767388
2,30300,0.6,0.6,0.046942495,0.0005,771070
2,30400,0.6,0.6,-0.036108218,0.0005,774883
2,30500,0.6,0.58,0.018553615,0.0005,778673
2,30600,0.6,0.64,-0.0106418,0.0005,782506
2,30700,0.6,0.56,-0.012662461,0.0005,786340
2,30800,0.7,0.71,-0.028924868,0.0005,790176
2,30900,0.6,0.6,-0.014607255,0.0005,794032
2,31000,0.7,0.68,-0.02093295,0.0005,797850
2,31100,0.5,0.54,-0.061078265,0.0005,801631
2,31200,0.5,0.5,0.027959524,0.0005,805329
2,31300,0.6,0.56,-0.0067807147,0.0005,809095
2,31400,0.5,0.45,-0.033977747,0.0005,812703
2,31500,0.6,0.57,-0.0063142385,0.0005,816482
2,31600,0.6,0.63,0.040974762,0.0005,820328
2,31700,0.6,0.57,-0.012655802,0.0005,824092
2,31800,0.5,0.49,0.009304134,0.0005,827903
2,31900,0.7,0.67,0.0024909154,0.0005,831751
2,32000,0.5,0.53,-0.0028762678,0.0005,835506
2,32100,0.5,0.48,0.006204469,0.0005,839307
2,32200,0.5,0.54,0.006282311,0.0005,843125
2,32300,0.4,0.43,0.014897343,0.0005,846962
2,32400,0.2,0.24,0.049786784,0.0005,850772
2,32500,0.5,0.51,0.032447435,0.0005,854581
2,32600,0.6,0.6,0.009683641,0.0005,858385
2,32700,0.6,0.63,0.048937634,0.0005,862229
2,32800,0.6,0.57,0.042724635,0.0005,866032
2,32900,0.7,0.7,-0.011486275,0.0005,869895
2,33000,0.6,0.64,-0.023990262,0.0005,873734
2,33100,0.7,0.71,0.0027495353,0.0005,877589
2,33200,0.7,0.65,0.0045972355,0.0005,881421
2,33300,0.6,0.63,-0.0025304635,0.0005,885240
2,33400,0.7,0.73,0.006111796,0.0005,889088
2,33500,0.7,0.7,-0.043262687,0.0005,892887
2,33600,0.7,0.66,-0.008093105,0.0005,896714
2,33700,0.7,0.65,0.026991416,0.0005,900530
2,33800,0.7,0.7,-0.02497739,0.0005,904355
2,33900,0.7,0.7,0.04478349,0.0005,908169
2,34000,0.7,0.65,0.0035598846,0.0005,912018
2,34100,0.7,0.66,0.015207216,0.0005,915870
2,34200,0.6,0.59,0.071701646,0.0005,919692
2,34300,0.7,0.67,0.007911949,0.0005,923504
2,34400,0.6,0.63,0.0023827087,0.0005,927281
2,34500,0.5,0.54,0.002434913,0.0005,931036
2,34600,0.6,0.6,0.02206142,0.0005,934741
2,34700,0.7,0.71,-0.010378897,0.0005,938596
2,34800,0.7,0.72,-0.00010696426,0.0005,942430
2,34900,0.6,0.63,0.004905151,0.0005,946297
2,35000,0.4,0.41,0.039342165,0.0005,950138
2,35100,0.6,0.61,-0.026291601,0.0005,953965
2,35200,0.6,0.63,-0.03980015,0.0005,957794
2,35300,0.6,0.58,-0.02927322,0.0005,961569
2,35400,0.6,0.63,0.04922404,0.0005,965325
2,35500,0.6,0.56,0.010011211,0.0005,969092
2,35600,0.6,0.61,0.010587692,0.0005,972910
2,35700,0.7,0.67,0.04721549,0.0005,976756
2,35800,0.6,0.6,0.0032554427,0.0005,980603
2,35900,0.7,0.71,-0.020285212,0.0005,984345
2,36000,0.5,0.51,-0.026233893,0.0005,988153
2,36100,0.6,0.57,0.04680808,0.0005,991873
2,36200,0.7,0.66,0.010940849,0.0005,995618
2,36300,0.5,0.54,0.03531813,0.0005,999421
2,36400,0.6,0.59,-0.010718777,0.0005,1003163
2,36500,0.7,0.73,0.023569813,0.0005,1006982
2,36600,0.7,0.71,0.049277224,0.0005,1010793
2,36700,0.7,0.7,0.00928843,0.0005,1014627
2,36800,0.7,0.7,0.013452768,0.0005,1018472
2,36900,0.8,0.76,0.043082323,0.0005,1022289
2,37000,0.7,0.7,0.044050425,0.0005,1026152
2,37100,0.7,0.66,-0.0016454086,0.0005,1030014
2,37200,0.6,0.64,0.033271287,0.0005,1033877
2,37300,0.6,0.63,-0.01249456,0.0005,1037697
2,37400,0.7,0.72,-0.020726684,0.0005,1041501
2,37500,0.7,0.71,0.012274884,0.0005,1045299
2,37600,0.6,0.59,-0.004586353,0.0005,1049127
2,37700,0.4,0.39,0.027775189,0.0005,1052874
2,37800,0.7,0.66,-5.5365264e-05,0.0005,1056683
2,37900,0.7,0.65,0.0417844,0.0005,1060438
2,38000,0.5,0.5,0.055247836,0.0005,1064180
2,38100,0.6,0.63,0.0108707715,0.0005,1067985
2,38200,0.7,0.7,0.02231953,0.0005,1071864
2,38300,0.6,0.6,0.008911777,0.0005,1075714
2,38400,0.6,0.57,0.009260237,0.0005,1079537
2,38500,0.6,0.57,0.036234174,0.0005,1083299
2,38600,0.6,0.64,0.059492197,0.0005,1087125
2,38700,0.7,0.68,-0.006405295,0.0005,1090953
2,38800,0.7,0.65,0.017315429,0.0005,1094787
2,38900,0.7,0.67,0.009513639,0.0005,1098643
2,39000,0.8,0.77,-0.0071500223,0.0005,1102465
2,39100,0.7,0.69,0.044325642,0.0005,1106298
2,39200,0.7,0.69,0.00023429096,0.0005,1110160
2,39300,0.7,0.7,0.013498706,0.0005,1114035
2,39400,0.8,0.76,-0.036828194,0.0005,1117862
2,39500,0.8,0.8,-0.04311379,0.0005,1121811
2,39600,0.7,0.73,0.031557735,0.0005,1126151
2,39700,0.8,0.76,-0.003040379,0.0005,1130442
2,39800,0.7,0.66,0.003598243,0.0005,1134701
2,39900,0.8,0.78,-0.027334489,0.0005,1139043
2,40000,0.7,0.74,0.001061507,0.0005,1143412
2,40100,0.7,0.74,-0.01771373,0.0005,1147782
2,40200,0.7,0.74,-0.02900564,0.0005,1152142
2,40300,0.8,0.78,-0.009584709,0.0005,1156458
2,40400,0.6,0.55,-0.004667755,0.0005,1160775
2,40500,0.6,0.58,-0.011873882,0.0005,1165082
2,40600,0.7,0.69,0.015995424,0.0005,1169436
2,40700,0.8,0.81,0.020796558,0.0005,1173787
2,40800,0.7,0.69,-0.012821792,0.0005,1178151
2,40900,0.6,0.61,0.018981066,0.0005,1182520
2,41000,0.8,0.79,0.011021902,0.0005,1186861
2,41100,0.7,0.71,-0.011252564,0.0005,1191120
2,41200,0.7,0.67,-0.005487458,0.0005,1195418
2,41300,0.7,0.65,0.03293792,0.0005,1199784
2,41400,0.3,0.33,-0.029644385,0.0005,1203955
2,41500,0.6,0.6,0.0032066768,0.0005,1208220
2,41600,0.5,0.47,0.00092351437,0.0005,1212463
2,41700,0.7,0.73,-0.011935261,0.0005,1216812
2,41800,0.8,0.82,0.010831993,0.0005,1221163
2,41900,0.7,0.71,0.02123329,0.0005,1225539
2,42000,0.6,0.57,-0.019024042,0.0005,1229887
2,42100,0.6,0.57,0.00040537212,0.0005,1234235
2,42200,0.7,0.72,0.04868321,0.0005,1238612
2,42300,0.7,0.66,0.027469048,0.0005,1242982
2,42400,0.6,0.59,0.064892754,0.0005,1247270
2,42500,0.7,0.69,-0.0032587647,0.0005,1251584
2,42600,0.6,0.57,0.051461153,0.0005,1255900
2,42700,0.6,0.62,0.05901052,0.0005,1260186
2,42800,0.6,0.55,-0.012316028,0.0005,1264425
2,42900,0.7,0.65,-0.026566917,0.0005,1268759
2,43000,0.7,0.73,0.040703915,0.0005,1273095
2,43100,0.7,0.69,0.050825913,0.0005,1277479
2,43200,0.7,0.7,0.04163305,0.0005,1281832
2,43300,0.6,0.62,-0.015680367,0.0005,1286222
2,43400,0.6,0.61,0.03372154,0.0005,1290555
2,43500,0.6,0.55,0.031442903,0.0005,1294905
2,43600,0.6,0.55,0.00024544355,0.0005,1299201
2,43700,0.6,0.6,0.019753192,0.0005,1303516
2,43800,0.5,0.51,-0.0058283033,0.0005,1307802
2,43900,0.5,0.47,0.028953977,0.0005,1311992
2,44000,0.7,0.73,-0.020101514,0.0005,1316351
2,44100,0.7,0.67,0.047540613,0.0005,1320685
2,44200,0.6,0.62,-0.022832068,0.0005,1324980
2,44300,0.7,0.67,0.078155495,0.0005,1329342
2,44400,0.6,0.58,0.0017712638,0.0005,1333686
2,44500,0.7,0.71,0.019592589,0.0005,1338028
2,44600,0.7,0.72,-0.05121056,0.0005,1342402
2,44700,0.7,0.73,0.009096528,0.0005,1346729
2,44800,0.8,0.81,0.015134996,0.0005,1351103
2,44900,0.8,0.78,-0.0023552757,0.0005,1355461
2,45000,0.8,0.76,0.019664165,0.0005,1359757
2,45100,0.6,0.64,0.0164388,0.0005,1364094
2,45200,0.6,0.59,0.07548791,0.0005,1368455
2,45300,0.6,0.59,0.0031763725,0.0005,1372729
2,45400,0.5,0.51,0.014279859,0.0005,1376976
2,45500,0.5,0.48,0.079590805,0.0005,1381287
2,45600,0.7,0.7,-0.02196908,0.0005,1385666
2,45700,0.7,0.7,-0.014111597,0.0005,1390037
2,45800,0.7,0.66,0.07175556,0.0005,1394393
2,45900,0.7,0.65,-0.06077257,0.0005,1398751
2,46000,0.5,0.47,0.044736147,0.0005,1403145
2,46100,0.6,0.64,0.041041262,0.0005,1407528
2,46200,0.6,0.63,-0.0534153,0.0005,1411895
2,46300,0.5,0.46,-0.025036339,0.0005,1416218
2,46400,0.5,0.53,-0.03266549,0.0005,1420555
2,46500,0.6,0.55,0.13375923,0.0005,1424857
2,46600,0.6,0.6,-0.0077173226,0.0005,1429174
2,46700,0.5,0.52,-0.030710801,0.0005,1433555
2,46800,0.6,0.58,0.004668463,0.0005,1437851
2,46900,0.6,0.61,0.016147804,0.0005,1442184
2,47000,0.6,0.57,0.022329856,0.0005,1446488
2,47100,0.4,0.44,-0.036333483,0.0005,1450713
2,47200,0.5,0.47,0.0026959935,0.0005,1454992
2,47300,0.6,0.56,0.0012480831,0.0005,1459207
2,47400,0.6,0.57,0.017964188,0.0005,1463499
2,47500,0.6,0.55,-0.028854817,0.0005,1467767
2,47600,0.5,0.53,0.011814983,0.0005,1472036
2,47700,0.6,0.58,-0.00035108998,0.0005,1476356
2,47800,0.6,0.55,0.020132987,0.0005,1480619
2,47900,0.6,0.56,0.002508469,0.0005,1484935
2,48000,0.6,0.63,-0.018127322,0.0005,1489214
2,48100,0.6,0.59,0.027572256,0.0005,1493544
2,48200,0.6,0.62,0.033698715,0.0005,1497858
2,48300,0.6,0.64,-0.031298935,0.0005,1502211
2,48400,0.7,0.65,0.0209122,0.0005,1506532
2,48500,0.8,0.76,0.06793733,0.0005,1510885
2,48600,0.6,0.61,-4.1197985e-05,0.0005,1515216
2,48700,0.7,0.65,0.044821844,0.0005,1519504
2,48800,0.7,0.69,-0.001575036,0.0005,1523767
2,48900,0.6,0.63,0.05555305,0.0005,1528113
2,49000,0.6,0.63,0.019631235,0.0005,1532506
2,49100,0.6,0.58,0.009449388,0.0005,1536784
2,49200,0.6,0.59,0.0070328526,0.0005,1541069
2,49300,0.7,0.7,0.003214104,0.0005,1545398
2,49400,0.7,0.69,-0.023774903,0.0005,1549717
2,49500,0.7,0.72,0.0037656329,0.0005,1554028
2,49600,0.7,0.74,-0.029961264,0.0005,1558352
2,49700,0.7,0.71,0.0026806127,0.0005,1562690
2,49800,0.7,0.65,0.0050101597,0.0005,1567016
2,49900,0.6,0.6,0.027389843,0.0005,1571355
2,50000,0.7,0.66,0.03706806,0.0005,1575690
2,50100,0.7,0.67,-0.0278227,0.0005,1580015
2,50200,0.8,0.77,0.035177767,0.0005,1584301
2,50300,0.7,0.69,0.03913939,0.0005,1588681
2,50400,0.7,0.73,0.013437526,0.0005,1593012
2,50500,0.7,0.73,0.040519595,0.0005,1597407
2,50600,0.8,0.77,-0.018153196,0.0005,1601760
2,50700,0.7,0.69,-0.01083671,0.0005,1606063
2,50800,0.6,0.6,0.009968299,0.0005,1610376
2,50900,0.6,0.56,-0.059678055,0.0005,1614629
2,51000,0.7,0.7,0.00012213318,0.0005,1618985
2,51100,0.7,0.7,-0.022072569,0.0005,1623320
2,51200,0.7,0.72,0.05118309,0.0005,1627625
2,51300,0.8,0.77,-0.002520021,0.0005,1631969
2,51400,0.8,0.8,0.07406881,0.0005,1636287
2,51500,0.6,0.64,0.0144274775,0.0005,1640604
2,51600,0.6,0.61,0.029695237,0.0005,1644913
2,51700,0.6,0.62,0.007203009,0.0005,1649269
2,51800,0.4,0.36,-0.03826572,0.0005,1653571
2,51900,0.5,0.54,0.045769624,0.0005,1657842
2,52000,0.5,0.54,-0.0075866897,0.0005,1662080
2,52100,0.5,0.53,0.037693888,0.0005,1666283
2,52200,0.5,0.51,-0.0023798319,0.0005,1670568
2,52300,0.7,0.66,-0.0282345,0.0005,1674901
2,52400,0.8,0.75,0.011597939,0.0005,1679253
2,52500,0.6,0.57,0.030486925,0.0005,1683537
2,52600,0.6,0.63,-0.0016865553,0.0005,1687836
2,52700,0.7,0.65,-0.0075961156,0.0005,1692097
2,52800,0.5,0.54,-0.038945857,0.0005,1696369
2,52900,0.6,0.56,-0.041400567,0.0005,1700629
2,53000,0.6,0.62,0.026813505,0.0005,1704884
2,53100,0.6,0.55,0.054343037,0.0005,1709206
2,53200,0.5,0.53,-0.011856461,0.0005,1713541
2,53300,0.5,0.46,-0.032721136,0.0005,1717823
2,53400,0.5,0.49,-0.045191757,0.0005,1722082
2,53500,0.7,0.68,-0.008862961,0.0005,1726396
2,53600,0.8,0.75,-0.039498366,0.0005,1730767
2,53700,0.7,0.73,0.021101838,0.0005,1735110
2,53800,0.7,0.67,0.011325026,0.0005,1739416
2,53900,0.6,0.56,0.013159211,0.0005,1743745
2,54000,0.7,0.74,0.00621893,0.0005,1748108
2,54100,0.4,0.44,-0.015044497,0.0005,1752294
2,54200,0.5,0.54,0.012590479,0.0005,1756532
2,54300,0.8,0.76,0.017839031,0.0005,1760903
2,54400,0.7,0.72,0.02907055,0.0005,1765198
2,54500,0.7,0.66,0.02816785,0.0005,1769455
2,54600,0.8,0.75,-0.0015508262,0.0005,1773809
2,54700,0.8,0.75,0.012178925,0.0005,1778174
2,54800,0.7,0.71,-0.01179844,0.0005,1782499
2,54900,0.7,0.66,-0.008569267,0.0005,1786859
2,55000,0.5,0.5,0.026804024,0.0005,1791109
2,55100,0.7,0.74,0.026917528,0.0005,1795469
2,55200,0.7,0.67,0.0025905017,0.0005,1799803
2,55300,0.6,0.63,-0.0039979992,0.0005,1804111
2,55400,0.5,0.53,0.014296854,0.0005,1808351
2,55500,0.5,0.52,0.025512502,0.0005,1812740
2,55600,0.6,0.59,0.07157059,0.0005,1817112
2,55700,0.7,0.71,-0.019782025,0.0005,1821430
2,55800,0.7,0.68,0.030527636,0.0005,1825795
2,55900,0.8,0.76,-0.032200947,0.0005,1830098
2,56000,0.7,0.73,0.04646547,0.0005,1834467
2,56100,0.7,0.7,-0.011030291,0.0005,1838821
2,56200,0.7,0.71,0.032134354,0.0005,1843215
2,56300,0.7,0.68,-0.01933603,0.0005,1847569
2,56400,0.6,0.63,0.04380892,0.0005,1851897
2,56500,0.6,0.55,0.022298308,0.0005,1856194
2,56600,0.5,0.47,0.022722265,0.0005,1860508
2,56700,0.4,0.44,-0.011088631,0.0005,1864817
2,56800,0.3,0.26,-0.04954099,0.0005,1868918
2,56900,0.7,0.67,0.0280252,0.0005,1873268
2,57000,0.6,0.55,0.029576931,0.0005,1877631
2,57100,0.7,0.69,0.018856749,0.0005,1881998
2,57200,0.8,0.76,0.066669285,0.0005,1886334
2,57300,0.8,0.8,-0.031311907,0.0005,1890690
2,57400,0.8,0.81,-0.025727063,0.0005,1895069
2,57500,0.7,0.66,-0.017061474,0.0005,1899451
2,57600,0.7,0.68,0.016763069,0.0005,1903807
2,57700,0.8,0.76,0.02879289,0.0005,1908191
2,57800,0.8,0.78,0.016288567,0.0005,1912538
2,57900,0.7,0.67,0.008807846,0.0005,1916832
2,58000,0.5,0.53,0.0057553574,0.0005,1921142
2,58100,0.4,0.38,0.017132554,0.0005,1925396
2,58200,0.7,0.65,-0.0015856461,0.0005,1929702
2,58300,0.8,0.76,0.0030151252,0.0005,1934046
2,58400,0.8,0.75,-0.0061956747,0.0005,1938423
2,58500,0.7,0.66,0.028601425,0.0005,1942743
2,58600,0.6,0.64,0.009660099,0.0005,1947136
2,58700,0.7,0.73,0.03093711,0.0005,1951467
2,58800,0.5,0.53,0.008132849,0.0005,1955800
2,58900,0.4,0.4,-0.0048524104,0.0005,1960051
2,59000,0.3,0.28,0.018212462,0.0005,1964375
2,59100,0.6,0.6,-0.021452136,0.0005,1968710
2,59200,0.5,0.5,0.011723412,0.0005,1972995
2,59300,0.5,0.53,0.07491207,0.0005,1977340
2,59400,0.6,0.63,0.032256063,0.0005,1981698
2,59500,0.7,0.69,0.015181802,0.0005,1986024
2,59600,0.7,0.71,0.03319131,0.0005,1990357
2,59700,0.6,0.6,0.034818314,0.0005,1994670
2,59800,0.7,0.66,0.043430574,0.0005,1998937
2,59900,0.6,0.55,-0.018790778,0.0005,2003172
2,60000,0.5,0.46,-0.024380943,0.0005,2007397
2,60100,0.6,0.59,0.015791634,0.0005,2011633
2,60200,0.6,0.6,0.027017191,0.0005,2015987
2,60300,0.6,0.55,0.029002156,0.0005,2020334
2,60400,0.7,0.74,0.009760959,0.0005,2024696
2,60500,0.7,0.65,-0.0035352372,0.0005,2029021
2,60600,0.7,0.7,-0.00018033944,0.0005,2033408
2,60700,0.7,0.68,0.01475848,0.0005,2037789
2,60800,0.7,0.74,-0.013810167,0.0005,2042151
2,60900,0.8,0.8,0.016927462,0.0005,2046488
2,61000,0.7,0.65,0.029891923,0.0005,2050856
2,61100,0.8,0.81,0.004789439,0.0005,2055225
2,61200,0.6,0.64,0.027842937,0.0005,2059546
2,61300,0.7,0.67,0.051142707,0.0005,2063872
2,61400,0.7,0.65,0.015999645,0.0005,2068220
2,61500,0.4,0.42,0.00016499264,0.0005,2072546
2,61600,0.3,0.29,-0.030459156,0.0005,2076735
2,61700,0.4,0.41,-0.010470251,0.0005,2080889
2,61800,0.6,0.6,0.0349797,0.0005,2085227
2,61900,0.5,0.51,0.005262459,0.0005,2089552
2,62000,0.3,0.27,0.026056867,0.0005,2093898
2,62100,0.1,0.15,-0.022892652,0.0005,2098260
2,62200,0.1,0.15,0.041933663,0.0005,2102546
2,62300,0.3,0.26,-0.018064633,0.0005,2106610
2,62400,0.2,0.23,0.016334262,0.0005,2110665
2,62500,0.3,0.28,0.034521148,0.0005,2114825
2,62600,0.3,0.26,0.021744909,0.0005,2118964
2,62700,0.4,0.4,0.012978951,0.0005,2123274
2,62800,0.5,0.47,-0.02626437,0.0005,2127531
2,62900,0.4,0.38,0.045454267,0.0005,2131835
2,63000,0.5,0.54,-0.043294683,0.0005,2136122
2,63100,0.5,0.53,0.03432966,0.0005,2140468
2,63200,0.3,0.35,-0.016636867,0.0005,2144696
2,63300,0.5,0.52,0.03959629,0.0005,2148980
2,63400,0.6,0.59,0.040055558,0.0005,2153316
2,63500,0.6,0.55,-0.0329927,0.0005,2157661
2,63600,0.6,0.55,0.05914449,0.0005,2161973
2,63700,0.5,0.53,-0.0007853103,0.0005,2166285
2,63800,0.5,0.49,0.019410383,0.0005,2170586
2,63900,0.5,0.47,-0.012291957,0.0005,2174813
2,64000,0.4,0.44,0.01168232,0.0005,2179086
2,64100,0.6,0.56,-0.02608832,0.0005,2183429
2,64200,0.6,0.61,0.01744746,0.0005,2187754
2,64300,0.6,0.55,0.0012773615,0.0005,2192071
2,64400,0.8,0.77,-0.026726054,0.0005,2196452
2,64500,0.7,0.72,0.04818264,0.0005,2200829
2,64600,0.7,0.69,0.0064650928,0.0005,2205163
2,64700,0.7,0.72,-0.017153613,0.0005,2209552
2,64800,0.6,0.58,0.022284023,0.0005,2213941
2,64900,0.6,0.57,0.009083118,0.0005,2218226
2,65000,0.5,0.54,-0.014959548,0.0005,2222469
2,65100,0.5,0.51,0.016406534,0.0005,2226790
2,65200,0.5,0.51,0.000668874,0.0005,2231026
2,65300,0.6,0.57,-0.018397223,0.0005,2235221
2,65400,0.6,0.57,0.04054065,0.0005,2239434
2,65500,0.7,0.73,0.016037045,0.0005,2243794
2,65600,0.8,0.78,-0.0037498735,0.0005,2248153
2,65700,0.5,0.52,-0.006969181,0.0005,2252422
2,65800,0.5,0.51,0.0043594465,0.0005,2256671
2,65900,0.6,0.6,0.013857655,0.0005,2261033
2,66000,0.6,0.62,0.04935179,0.0005,2265409
2,66100,0.6,0.64,0.03971237,0.0005,2269772
2,66200,0.7,0.72,0.016400475,0.0005,2274108
2,66300,0.6,0.64,0.022124859,0.0005,2278445
2,66400,0.5,0.5,0.016577028,0.0005,2282740
2,66500,0.6,0.57,-0.056789257,0.0005,2286977
2,66600,0.6,0.61,-0.00669041,0.0005,2291291
2,66700,0.5,0.54,-0.0072368346,0.0005,2295625
2,66800,0.8,0.76,0.03672046,0.0005,2299951
2,66900,0.6,0.62,-0.067964725,0.0005,2304298
2,67000,0.7,0.7,-0.023204789,0.0005,2308589
2,67100,0.8,0.79,0.018118555,0.0005,2312924
2,67200,0.7,0.71,-0.012362914,0.0005,2317291
2,67300,0.6,0.61,-0.0077774087,0.0005,2321645
2,67400,0.8,0.77,0.0057020904,0.0005,2326009
2,67500,0.4,0.42,-0.0008738488,0.0005,2330342
2,67600,0.5,0.46,-0.012395837,0.0005,2334562
2,67700,0.6,0.64,-0.0030596303,0.0005,2338773
2,67800,0.7,0.67,-0.0283034,0.0005,2343112
2,67900,0.7,0.72,0.011037637,0.0005,2347452
2,68000,0.7,0.71,0.023711648,0.0005,2351816
2,68100,0.7,0.74,0.043718964,0.0005,2356188
2,68200,0.6,0.62,0.047022328,0.0005,2360553
2,68300,0.7,0.69,-0.011909434,0.0005,2364898
2,68400,0.6,0.63,0.021073513,0.0005,2369146
2,68500,0.6,0.61,0.005150443,0.0005,2373482
2,68600,0.7,0.67,0.014478778,0.0005,2377813
2,68700,0.1,0.07,0.09989518,0.0005,2382169
2,68800,0.1,0.05,0.024481568,0.0005,2386332
2,68900,0.2,0.18,-0.0021404987,0.0005,2390364
2,69000,0.5,0.5,-0.003900087,0.0005,2394647
2,69100,0.8,0.78,0.05628675,0.0005,2398965
2,69200,0.8,0.77,0.046168763,0.0005,2403346
2,69300,0.6,0.61,0.0011692885,0.0005,2407625
2,69400,0.7,0.7,0.051110223,0.0005,2411963
2,69500,0.7,0.74,0.06331979,0.0005,2416337
2,69600,0.7,0.66,-0.00615545,0.0005,2420702
2,69700,0.7,0.7,0.09022922,0.0005,2425069
2,69800,0.6,0.57,-0.050524246,0.0005,2429419
2,69900,0.7,0.69,0.0073713604,0.0005,2433784
2,70000,0.3,0.33,0.010542773,0.0005,2438068
2,70100,0.5,0.49,0.046724692,0.0005,2442248
2,70200,0.6,0.55,0.06604651,0.0005,2446469
2,70300,0.6,0.59,0.00863234,0.0005,2450766
2,70400,0.5,0.53,0.005751865,0.0005,2455101
2,70500,0.5,0.47,0.026495442,0.0005,2459459
2,70600,0.6,0.55,-0.024194807,0.0005,2463777
2,70700,0.6,0.61,0.05673318,0.0005,2468158
2,70800,0.7,0.71,0.025411457,0.0005,2472472
2,70900,0.7,0.66,0.038971387,0.0005,2476765
2,71000,0.6,0.64,-0.012370044,0.0005,2481092
2,71100,0.8,0.75,-0.023903579,0.0005,2485460
2,71200,0.7,0.67,0.031580485,0.0005,2489770
2,71300,0.7,0.71,-0.080797724,0.0005,2494084
2,71400,0.7,0.72,-0.009549271,0.0005,2498414
2,71500,0.7,0.68,0.0113008525,0.0005,2502723
2,71600,0.7,0.7,0.027885735,0.0005,2507034
2,71700,0.7,0.7,0.039136846,0.0005,2511372
2,71800,0.8,0.79,0.024643918,0.0005,2515746
2,71900,0.8,0.81,0.069919154,0.0005,2520116
2,72000,0.8,0.77,-0.0031355526,0.0005,2524458
2,72100,0.7,0.74,-0.00020371936,0.0005,2528850
2,72200,0.5,0.5,-0.010552857,0.0005,2533162
2,72300,0.5,0.53,0.014351818,0.0005,2537457
2,72400,0.8,0.77,0.06305583,0.0005,2541820
2,72500,0.7,0.68,-0.008474824,0.0005,2546159
2,72600,0.8,0.76,0.03723783,0.0005,2550528
2,72700,0.7,0.71,0.015834462,0.0005,2554847
2,72800,0.8,0.82,0.055571668,0.0005,2559184
2,72900,0.7,0.68,-0.0040735975,0.0005,2563415
2,73000,0.7,0.65,-0.017535765,0.0005,2567778
2,73100,0.8,0.81,-0.024475887,0.0005,2572140
2,73200,0.7,0.68,-0.030949935,0.0005,2576434
2,73300,0.8,0.81,-0.037970893,0.0005,2580783
2,73400,0.7,0.73,0.031615324,0.0005,2585102
2,73500,0.7,0.66,0.050061174,0.0005,2589322
2,73600,0.7,0.73,-0.0047590053,0.0005,2593681
2,73700,0.8,0.81,-0.06026036,0.0005,2598036
2,73800,0.7,0.68,0.0055485647,0.0005,2602376
2,73900,0.8,0.75,0.042582266,0.0005,2606704
2,74000,0.6,0.64,0.010818022,0.0005,2610978
2,74100,0.6,0.64,0.04020131,0.0005,2615221
2,74200,0.7,0.72,0.04443847,0.0005,2619535
2,74300,0.7,0.72,-0.010829877,0.0005,2623822
2,74400,0.7,0.68,0.056335032,0.0005,2628153
2,74500,0.6,0.64,0.015356997,0.0005,2632494
2,74600,0.7,0.71,-0.0135221975,0.0005,2636828
2,74700,0.7,0.69,0.025956938,0.0005,2641171
2,74800,0.7,0.66,-0.030373666,0.0005,2645489
2,74900,0.6,0.55,-0.004750507,0.0005,2649805
2,75000,0.6,0.62,0.040439665,0.0005,2654084
2,75100,0.7,0.68,-0.0099386275,0.0005,2658411
2,75200,0.8,0.78,-0.011346691,0.0005,2662756
2,75300,0.8,0.79,0.034978334,0.0005,2667131
2,75400,0.7,0.72,0.05625567,0.0005,2671475
2,75500,0.8,0.79,-0.010689422,0.0005,2675837
2,75600,0.7,0.74,0.035507806,0.0005,2680204
2,75700,0.7,0.73,-0.027493283,0.0005,2684524
2,75800,0.8,0.79,-0.018037062,0.0005,2688867
2,75900,0.7,0.71,0.011957714,0.0005,2693192
2,76000,0.8,0.75,-0.0068087657,0.0005,2697502
2,76100,0.7,0.72,-0.0064207353,0.0005,2701839
2,76200,0.6,0.63,-0.027554192,0.0005,2706153
2,76300,0.7,0.69,0.04031439,0.0005,2710469
2,76400,0.7,0.72,-0.0068028327,0.0005,2714716
2,76500,0.8,0.75,0.029935291,0.0005,2719072
2,76600,0.8,0.78,0.019432513,0.0005,2723421
2,76700,0.7,0.7,0.0002613254,0.0005,2727749
2,76800,0.8,0.75,-0.008086862,0.0005,2732088
2,76900,0.7,0.7,0.0012776395,0.0005,2736390
2,77000,0.7,0.7,0.02842488,0.0005,2740714
2,77100,0.7,0.7,-0.022916943,0.0005,2745022
2,77200,0.6,0.6,0.049613725,0.0005,2749267
2,77300,0.8,0.78,0.038870715,0.0005,2753616
2,77400,0.8,0.75,-0.025132623,0.0005,2757967
2,77500,0.6,0.63,0.03007219,0.0005,2762285
2,77600,0.7,0.71,-0.014281722,0.0005,2766626
2,77700,0.6,0.57,0.016359424,0.0005,2770932
2,77800,0.5,0.52,-0.025484402,0.0005,2775255
2,77900,0.5,0.54,0.039541483,0.0005,2779475
2,78000,0.7,0.7,-0.012779901,0.0005,2783822
2,78100,0.7,0.68,0.0014130566,0.0005,2788159
2,78200,0.7,0.74,-0.023091365,0.0005,2792471
2,78300,0.8,0.78,0.03489372,0.0005,2796831
2,78400,0.8,0.75,-0.0064146463,0.0005,2801171
2,78500,0.8,0.76,0.06167262,0.0005,2805531
2,78600,0.7,0.72,0.041414067,0.0005,2809838
2,78700,0.8,0.77,0.06701693,0.0005,2814195
2,78800,0.5,0.48,-0.017252684,0.0005,2818388
2,78900,0.8,0.77,0.0061244015,0.0005,2822694
2,79000,0.8,0.79,0.06650872,0.0005,2827001
2,79100,0.8,0.77,0.060489178,0.0005,2831368
2,79200,0.8,0.82,0.040248267,0.0005,2835698
2,79300,0.8,0.79,0.008324537,0.0005,2840019
2,79400,0.8,0.8,-0.024146408,0.0005,2844332
2,79500,0.8,0.75,0.07213922,0.0005,2848687
2,79600,0.8,0.8,0.030879486,0.0005,2853060
2,79700,0.7,0.72,0.0055268724,0.0005,2857368
2,79800,0.7,0.68,0.022840463,0.0005,2861723
2,79900,0.7,0.74,-0.0039254855,0.0005,2866108
2,80000,0.8,0.78,-0.040266268,0.0005,2870416
2,80100,0.8,0.77,0.022154674,0.0005,2874778
2,80200,0.7,0.65,0.05701095,0.0005,2879033
2,80300,0.7,0.67,0.030927386,0.0005,2883400
2,80400,0.7,0.71,0.076940805,0.0005,2887731
2,80500,0.6,0.64,0.022076786,0.0005,2892074
2,80600,0.7,0.65,-0.0023667738,0.0005,2896414
2,80700,0.8,0.81,0.016993582,0.0005,2900786
2,80800,0.7,0.69,0.046092104,0.0005,2905098
2,80900,0.7,0.67,0.07885933,0.0005,2909401
2,81000,0.8,0.77,-0.015113499,0.0005,2913697
2,81100,0.7,0.72,0.04158017,0.0005,2917974
2,81200,0.7,0.68,0.016197165,0.0005,2922268
2,81300,0.7,0.69,0.031351134,0.0005,2926558
2,81400,0.6,0.63,0.027705356,0.0005,2930857
2,81500,0.6,0.62,0.0027562631,0.0005,2935198
2,81600,0.7,0.71,-0.028248562,0.0005,2939521
2,81700,0.5,0.5,0.0023864731,0.0005,2943800
2,81800,0.7,0.67,0.005375904,0.0005,2948076
2,81900,0.5,0.47,0.008612923,0.0005,2952389
2,82000,0.6,0.55,0.042058565,0.0005,2956690
2,82100,0.6,0.55,0.057476066,0.0005,2961008
2,82200,0.7,0.68,-0.010162535,0.0005,2965356
2,82300,0.6,0.56,0.04556425,0.0005,2969676
2,82400,0.5,0.48,0.030208766,0.0005,2973913
2,82500,0.4,0.41,0.06177473,0.0005,2978112
2,82600,0.5,0.54,-0.008119593,0.0005,2982377
2,82700,0.8,0.79,-0.015778856,0.0005,2986735
2,82800,0.7,0.69,0.04310066,0.0005,2991052
2,82900,0.7,0.66,0.07879679,0.0005,2995373
2,83000,0.7,0.7,0.012239337,0.0005,2999767
2,83100,0.7,0.71,-0.0076776817,0.0005,3004106
2,83200,0.6,0.6,0.007047397,0.0005,3008413
2,83300,0.7,0.68,0.014539089,0.0005,3012729
2,83400,0.7,0.72,0.044672415,0.0005,3017064
2,83500,0.8,0.81,0.0062449835,0.0005,3021416
2,83600,0.7,0.72,0.01156777,0.0005,3025705
2,83700,0.5,0.54,0.020587182,0.0005,3029951
2,83800,0.6,0.62,0.005440902,0.0005,3034242
2,83900,0.6,0.57,0.010889692,0.0005,3038547
2,84000,0.6,0.63,0.02861728,0.0005,3042887
2,84100,0.6,0.64,-0.0046592685,0.0005,3047143
2,84200,0.4,0.42,-0.01800302,0.0005,3051330
2,84300,0.4,0.36,0.088968374,0.0005,3055509
2,84400,0.4,0.4,-0.016179945,0.0005,3059757
2,84500,0.6,0.64,0.0077310037,0.0005,3064038
2,84600,0.7,0.7,-0.025842912,0.0005,3068342
2,84700,0.7,0.73,0.026106423,0.0005,3072698
2,84800,0.8,0.76,0.052519444,0.0005,3077054
2,84900,0.7,0.7,-0.0037488518,0.0005,3081433
2,85000,0.8,0.81,0.023603335,0.0005,3085814
2,85100,0.7,0.68,0.029816775,0.0005,3090115
2,85200,0.6,0.64,-0.010881294,0.0005,3094392
2,85300,0.8,0.77,-0.013490189,0.0005,3098707
2,85400,0.7,0.7,0.029947575,0.0005,3103026
2,85500,0.8,0.79,0.0062230397,0.0005,3107319
2,85600,0.6,0.64,0.03461387,0.0005,3111622
2,85700,0.7,0.66,0.012601277,0.0005,3115901
2,85800,0.7,0.71,-0.022253864,0.0005,3120225
2,85900,0.7,0.69,-0.016545875,0.0005,3124507
2,86000,0.7,0.7,0.08190836,0.0005,3128828
2,86100,0.7,0.68,0.018398996,0.0005,3133116
2,86200,0.8,0.78,0.009156605,0.0005,3137456
2,86300,0.7,0.73,0.0032361355,0.0005,3141840
2,86400,0.7,0.72,-0.05874131,0.0005,3146163
2,86500,0.8,0.75,0.00094568124,0.0005,3150490
2,86600,0.7,0.72,0.047288172,0.0005,3154815
2,86700,0.7,0.65,0.07215303,0.0005,3159122
2,86800,0.7,0.68,-0.035982408,0.0005,3163432
2,86900,0.5,0.53,0.008900367,0.0005,3167806
2,87000,0.6,0.58,0.06267766,0.0005,3172111
2,87100,0.6,0.58,0.0044495445,0.0005,3176400
2,87200,0.4,0.42,-0.01254864,0.0005,3180631
2,87300,0.5,0.54,0.026125005,0.0005,3184932
2,87400,0.6,0.57,-0.0130583765,0.0005,3189250
2,87500,0.6,0.61,0.039607085,0.0005,3193596
2,87600,0.7,0.68,0.029540477,0.0005,3197931
2,87700,0.6,0.55,0.04569006,0.0005,3202168
2,87800,0.7,0.66,0.034563947,0.0005,3206487
2,87900,0.6,0.64,-0.0011164257,0.0005,3210734
2,88000,0.5,0.53,-0.00034943037,0.0005,3215007
2,88100,0.4,0.39,0.016488347,0.0005,3219151
2,88200,0.6,0.55,0.06530152,0.0005,3223420
2,88300,0.7,0.66,0.025695343,0.0005,3227681
2,88400,0.5,0.53,0.030885793,0.0005,3231886
2,88500,0.7,0.66,0.0012128637,0.0005,3236172
2,88600,0.6,0.63,0.030114926,0.0005,3240540
2,88700,0.8,0.77,0.011235971,0.0005,3244883
2,88800,0.7,0.68,-0.0016857479,0.0005,3249191
2,88900,0.6,0.59,0.015184725,0.0005,3253499
2,89000,0.5,0.49,-0.044491485,0.0005,3257700
2,89100,0.5,0.5,0.030331226,0.0005,3261943
2,89200,0.4,0.39,-0.02847517,0.0005,3266235
2,89300,0.6,0.55,0.046340875,0.0005,3270453
2,89400,0.5,0.49,0.02708114,0.0005,3274696
2,89500,0.6,0.61,0.017035393,0.0005,3278989
2,89600,0.4,0.42,0.032742236,0.0005,3283215
2,89700,0.6,0.59,0.034165848,0.0005,3287511
2,89800,0.7,0.7,0.031751823,0.0005,3291801
2,89900,0.8,0.76,0.0093668215,0.0005,3296170
2,90000,0.6,0.63,0.022357043,0.0005,3300479
2,90100,0.6,0.61,-0.0040666834,0.0005,3304809
2,90200,0.7,0.73,-0.015734268,0.0005,3309168
2,90300,0.8,0.76,-0.012318553,0.0005,3313518
2,90400,0.6,0.64,0.05957407,0.0005,3317829
2,90500,0.6,0.58,0.0069742748,0.0005,3322089
2,90600,0.5,0.5,-8.7053515e-05,0.0005,3326348
2,90700,0.6,0.6,-0.012381726,0.0005,3330608
2,90800,0.7,0.66,0.020033494,0.0005,3334867
2,90900,0.8,0.83,0.035463005,0.0005,3339203
2,91000,0.8,0.75,0.004348511,0.0005,3343524
2,91100,0.7,0.73,0.034870893,0.0005,3347879
2,91200,0.6,0.64,0.031359296,0.0005,3352156
2,91300,0.7,0.73,-0.001259259,0.0005,3356437
2,91400,0.7,0.74,-0.010315619,0.0005,3360796
2,91500,0.7,0.65,0.035406854,0.0005,3365178
2,91600,0.7,0.72,0.020744335,0.0005,3369547
2,91700,0.7,0.72,0.050833568,0.0005,3373890
2,91800,0.6,0.64,-0.00877044,0.0005,3378201
2,91900,0.5,0.54,-0.008929782,0.0005,3382448
2,92000,0.8,0.75,0.028619949,0.0005,3386766
2,92100,0.6,0.57,0.04105612,0.0005,3391043
2,92200,0.7,0.7,0.047672562,0.0005,3395316
2,92300,0.7,0.74,0.010933887,0.0005,3399664
2,92400,0.7,0.74,-0.011479891,0.0005,3404016
2,92500,0.7,0.72,-0.013334567,0.0005,3408341
2,92600,0.8,0.82,0.035543874,0.0005,3412705
2,92700,0.8,0.76,0.012700376,0.0005,3417045
2,92800,0.7,0.73,0.04473993,0.0005,3421385
2,92900,0.7,0.74,0.028234243,0.0005,3425759
2,93000,0.6,0.63,-0.010942039,0.0005,3430060
2,93100,0.7,0.68,0.021123834,0.0005,3434364
2,93200,0.6,0.61,0.003618488,0.0005,3438611
2,93300,0.8,0.76,-0.021388367,0.0005,3442886
2,93400,0.6,0.56,0.002137213,0.0005,3447173
2,93500,0.8,0.77,0.013418276,0.0005,3451498
2,93600,0.8,0.75,0.011740232,0.0005,3455824
2,93700,0.8,0.76,-0.012005627,0.0005,3460130
2,93800,0.6,0.64,-0.032407902,0.0005,3464427
2,93900,0.8,0.79,0.011958145,0.0005,3468787
2,94000,0.7,0.72,0.032371975,0.0005,3473121
2,94100,0.7,0.74,0.06404162,0.0005,3477432
2,94200,0.7,0.69,0.007622933,0.0005,3481754
2,94300,0.6,0.61,-0.047786463,0.0005,3485989
2,94400,0.7,0.65,0.0077793645,0.0005,3490229
2,94500,0.7,0.67,0.011511888,0.0005,3494473
2,94600,0.7,0.73,0.01549576,0.0005,3498761
2,94700,0.7,0.68,0.05057684,0.0005,3503051
2,94800,0.7,0.73,-0.023299333,0.0005,3507382
2,94900,0.7,0.65,0.04171602,0.0005,3511663
2,95000,0.8,0.77,0.010769385,0.0005,3516018
2,95100,0.7,0.7,0.02279343,0.0005,3520372
2,95200,0.6,0.58,0.05204155,0.0005,3524651
2,95300,0.5,0.52,0.027952619,0.0005,3528915
2,95400,0.7,0.68,0.040809482,0.0005,3533220
2,95500,0.6,0.57,-0.012472784,0.0005,3537517
2,95600,0.7,0.69,-0.032892186,0.0005,3541814
2,95700,0.5,0.54,0.010213467,0.0005,3546125
2,95800,0.6,0.57,0.03991709,0.0005,3550379
2,95900,0.7,0.67,0.013172112,0.0005,3554605
2,96000,0.6,0.61,-0.0394881,0.0005,3558890
2,96100,0.8,0.75,0.03277078,0.0005,3563246
2,96200,0.8,0.78,0.006969437,0.0005,3567590
2,96300,0.9,0.86,-0.014717887,0.0005,3571938
2,96400,0.8,0.76,-0.00956627,0.0005,3576260
2,96500,0.7,0.73,0.022781048,0.0005,3580629
2,96600,0.7,0.66,0.025663018,0.0005,3584991
2,96700,0.7,0.65,0.038809538,0.0005,3589369
2,96800,0.8,0.78,0.039069876,0.0005,3593723
2,96900,0.8,0.76,0.030409064,0.0005,3598042
2,97000,0.7,0.71,0.11608866,0.0005,3602312
2,97100,0.7,0.67,0.011677016,0.0005,3606582
2,97200,0.7,0.68,0.039557215,0.0005,3610915
2,97300,0.7,0.69,0.017587114,0.0005,3615212
2,97400,0.6,0.63,0.0097833425,0.0005,3619561
2,97500,0.7,0.68,0.03878429,0.0005,3623898
2,97600,0.7,0.68,0.01070871,0.0005,3628215
2,97700,0.7,0.71,0.017023224,0.0005,3632604
2,97800,0.7,0.68,0.0661726,0.0005,3636940
2,97900,0.7,0.67,-0.000694206,0.0005,3641193
2,98000,0.7,0.69,0.035744518,0.0005,3645550
2,98100,0.6,0.61,0.06143062,0.0005,3649836
2,98200,0.7,0.69,-0.010914097,0.0005,3654151
2,98300,0.6,0.64,0.0060833097,0.0005,3658414
2,98400,0.7,0.72,0.046941496,0.0005,3662752
2,98500,0.7,0.66,0.013686493,0.0005,3667024
2,98600,0.7,0.74,0.11547448,0.0005,3671321
2,98700,0.7,0.66,0.0074553257,0.0005,3675611
2,98800,0.5,0.53,0.03808216,0.0005,3679929
2,98900,0.4,0.41,0.057390273,0.0005,3684206
2,99000,0.6,0.63,-0.014948798,0.0005,3688546
2,99100,0.7,0.72,0.035817415,0.0005,3692879
2,99200,0.7,0.72,0.025177782,0.0005,3697162
2,99300,0.6,0.64,0.024154773,0.0005,3701476
2,99400,0.7,0.65,0.04667212,0.0005,3705781
2,99500,0.6,0.61,-0.009925575,0.0005,3710034
2,99600,0.7,0.73,-0.0068040285,0.0005,3714381
2,99700,0.8,0.8,0.011495369,0.0005,3718770
2,99800,0.8,0.76,-0.0054891,0.0005,3723103
2,99900,0.8,0.78,0.0040627196,0.0005,3727428
2,100000,0.7,0.71,0.019316962,0.0005,3731806
2,100100,0.5,0.51,-0.013337769,0.0005,3736021
2,100200,0.6,0.61,0.050037723,0.0005,3740318
2,100300,0.8,0.75,-0.0069937725,0.0005,3744670
2,100400,0.6,0.64,-0.0064756125,0.0005,3748955
2,100500,0.6,0.61,0.03150865,0.0005,3753217
2,100600,0.6,0.56,-0.017995317,0.0005,3757423
2,100700,0.4,0.39,0.038656164,0.0005,3761676
2,100800,0.5,0.45,0.052813917,0.0005,3765932
2,100900,0.5,0.52,0.004101008,0.0005,3770255
2,101000,0.7,0.7,-0.014983868,0.0005,3774630
2,101100,0.7,0.74,0.00865208,0.0005,3778998
2,101200,0.7,0.65,0.026192088,0.0005,3783303
2,101300,0.8,0.75,0.007010868,0.0005,3787687
2,101400,0.7,0.74,-0.011791827,0.0005,3792028
2,101500,0.7,0.66,0.021113198,0.0005,3796368
2,101600,0.7,0.7,-0.009534725,0.0005,3800726
2,101700,0.8,0.75,0.04631541,0.0005,3805047
2,101800,0.8,0.78,-0.009394176,0.0005,3809395
2,101900,0.9,0.86,0.026589468,0.0005,3813744
2,102000,0.7,0.72,-0.0123791285,0.0005,3818080
2,102100,0.6,0.55,0.0035978118,0.0005,3822398
2,102200,0.6,0.64,0.10950425,0.0005,3826668
2,102300,0.7,0.7,0.020507421,0.0005,3831023
2,102400,0.8,0.79,0.045839258,0.0005,3835356
2,102500,0.7,0.7,0.05565264,0.0005,3839705
2,102600,0.7,0.73,0.024255939,0.0005,3844049
2,102700,0.8,0.81,0.011743876,0.0005,3848364
2,102800,0.7,0.66,0.018595062,0.0005,3852700
2,102900,0.7,0.7,0.029181816,0.0005,3857004
2,103000,0.7,0.7,-0.0101633705,0.0005,3861380
2,103100,0.8,0.81,-0.006110823,0.0005,3865720
2,103200,0.8,0.8,0.031242834,0.0005,3870090
2,103300,0.7,0.67,0.0007361579,0.0005,3874404
2,103400,0.7,0.68,0.001042163,0.0005,3878766
2,103500,0.6,0.64,0.013615586,0.0005,3883035
2,103600,0.7,0.68,0.025805503,0.0005,3887364
2,103700,0.7,0.7,0.064648286,0.0005,3891651
2,103800,0.7,0.69,-0.01442264,0.0005,3895968
2,103900,0.6,0.62,0.021733383,0.0005,3900260
2,104000,0.6,0.63,-0.015109867,0.0005,3904591
2,104100,0.6,0.62,-0.01294387,0.0005,3908946
2,104200,0.7,0.67,0.040000983,0.0005,3913271
2,104300,0.6,0.64,-0.00114768,0.0005,3917643
2,104400,0.7,0.73,0.04939906,0.0005,3922012
2,104500,0.6,0.59,0.04040738,0.0005,3926356
2,104600,0.7,0.7,-0.007781733,0.0005,3930665
2,104700,0.7,0.66,0.03183779,0.0005,3934992
2,104800,0.8,0.78,0.021862885,0.0005,3939338
2,104900,0.7,0.65,0.0062267296,0.0005,3943684
2,105000,0.7,0.7,0.02995561,0.0005,3948042
2,105100,0.7,0.73,0.010982875,0.0005,3952415
2,105200,0.7,0.72,0.048191536,0.0005,3956801
2,105300,0.8,0.78,0.04297985,0.0005,3961175
2,105400,0.8,0.76,-0.0029297303,0.0005,3965500
2,105500,0.7,0.72,0.054195613,0.0005,3969828
2,105600,0.7,0.66,0.01274824,0.0005,3974088
2,105700,0.8,0.75,0.031089708,0.0005,3978477
2,105800,0.7,0.71,-0.0140690105,0.0005,3982834
2,105900,0.7,0.74,0.026784616,0.0005,3987163
2,106000,0.7,0.7,0.06635494,0.0005,3991511
2,106100,0.7,0.71,0.012358153,0.0005,3995866
